,price,postcode,number_bedrooms,url,address
3,750000,SW11,2.0,http://www.rightmove.co.uk/properties/130713371#/?channel=RES_BUY,Wandsworth
5,575000,W7,3.0,http://www.rightmove.co.uk/properties/128603327#/?channel=RES_BUY,Ealing
6,750000,E7,3.0,http://www.rightmove.co.uk/properties/130710743#/?channel=RES_BUY,Stratford
7,625000,N13,3.0,http://www.rightmove.co.uk/properties/129158474#/?channel=RES_BUY,Enfield
8,680000,SW16,4.0,http://www.rightmove.co.uk/properties/130710626#/?channel=RES_BUY,Lambeth
9,400000,SE6,2.0,http://www.rightmove.co.uk/properties/130710422#/?channel=RES_BUY,Lewisham
13,535000,E18,3.0,http://www.rightmove.co.uk/properties/129684125#/?channel=RES_BUY,Ilford
14,925000,E2,3.0,http://www.rightmove.co.uk/properties/130708526#/?channel=RES_BUY,Poplar
16,995000,NW5,2.0,http://www.rightmove.co.uk/properties/130708052#/?channel=RES_BUY,Camden Town
17,875000,W4,3.0,http://www.rightmove.co.uk/properties/128119772#/?channel=RES_BUY,Hounslow
18,795000,N20,3.0,http://www.rightmove.co.uk/properties/130707146#/?channel=RES_BUY,Barnet
19,775000,CR7,5.0,http://www.rightmove.co.uk/properties/130706975#/?channel=RES_BUY,Croydon
20,200000,SE9,2.0,http://www.rightmove.co.uk/properties/130706636#/?channel=RES_BUY,Eltham
21,420000,SE18,2.0,http://www.rightmove.co.uk/properties/130706378#/?channel=RES_BUY,Eltham
23,450000,W4,2.0,http://www.rightmove.co.uk/properties/130705973#/?channel=RES_BUY,Hounslow
25,500000,E15,2.0,http://www.rightmove.co.uk/properties/128568770#/?channel=RES_BUY,Stratford
26,660000,W13,3.0,http://www.rightmove.co.uk/properties/130704536#/?channel=RES_BUY,Ealing
27,900000,W7,4.0,http://www.rightmove.co.uk/properties/130395794#/?channel=RES_BUY,Ealing
30,950000,SE26,5.0,http://www.rightmove.co.uk/properties/130703498#/?channel=RES_BUY,Lewisham
31,585000,EN2,3.0,http://www.rightmove.co.uk/properties/130703369#/?channel=RES_BUY,Enfield
32,730000,N21,3.0,http://www.rightmove.co.uk/properties/129948140#/?channel=RES_BUY,Enfield
34,700000,E11,4.0,http://www.rightmove.co.uk/properties/125667296#/?channel=RES_BUY,Walthamstow
36,840000,SE18,4.0,http://www.rightmove.co.uk/properties/130702046#/?channel=RES_BUY,Eltham
38,570000,E4,3.0,http://www.rightmove.co.uk/properties/130701515#/?channel=RES_BUY,Walthamstow
39,950000,NW1,3.0,http://www.rightmove.co.uk/properties/126800849#/?channel=RES_BUY,Camden Town
40,800000,N7,4.0,http://www.rightmove.co.uk/properties/128615426#/?channel=RES_BUY,Islington
41,400000,SE2,3.0,http://www.rightmove.co.uk/properties/130699964#/?channel=RES_BUY,Eltham
42,875000,SW19,3.0,http://www.rightmove.co.uk/properties/126584552#/?channel=RES_BUY,Merton
43,850000,SE20,4.0,http://www.rightmove.co.uk/properties/130699802#/?channel=RES_BUY,Bromley
44,950000,NW1,3.0,http://www.rightmove.co.uk/properties/130699751#/?channel=RES_BUY,Camden Town
45,800000,E1,4.0,http://www.rightmove.co.uk/properties/130699391#/?channel=RES_BUY,Poplar
50,449995,E16,3.0,http://www.rightmove.co.uk/properties/129462695#/?channel=RES_BUY,East Ham
51,950000,NW1,3.0,http://www.rightmove.co.uk/properties/129095012#/?channel=RES_BUY,Camden Town
52,525000,W7,3.0,http://www.rightmove.co.uk/properties/127474559#/?channel=RES_BUY,Ealing
53,800000,SE3,4.0,http://www.rightmove.co.uk/properties/130697891#/?channel=RES_BUY,Greenwich
55,800000,SE15,5.0,http://www.rightmove.co.uk/properties/112018442#/?channel=RES_BUY,Camberwell
56,530000,E6,3.0,http://www.rightmove.co.uk/properties/125293418#/?channel=RES_BUY,East Ham
59,850000,SE11,3.0,http://www.rightmove.co.uk/properties/126522347#/?channel=RES_BUY,Lambeth
62,495995,SE18,4.0,http://www.rightmove.co.uk/properties/130695626#/?channel=RES_BUY,Eltham
63,600000,SE12,2.0,http://www.rightmove.co.uk/properties/130219547#/?channel=RES_BUY,Greenwich
66,450000,E13,2.0,http://www.rightmove.co.uk/properties/130694381#/?channel=RES_BUY,East Ham
67,515000,E16,5.0,http://www.rightmove.co.uk/properties/130672538#/?channel=RES_BUY,East Ham
69,500000,E18,3.0,http://www.rightmove.co.uk/properties/130692455#/?channel=RES_BUY,Ilford
71,425000,SE18,3.0,http://www.rightmove.co.uk/properties/130690886#/?channel=RES_BUY,Eltham
75,995000,E1,3.0,http://www.rightmove.co.uk/properties/128533010#/?channel=RES_BUY,Poplar
76,410000,N17,2.0,http://www.rightmove.co.uk/properties/130299956#/?channel=RES_BUY,Tottenham
77,775000,N21,3.0,http://www.rightmove.co.uk/properties/130683080#/?channel=RES_BUY,Enfield
81,810000,SW20,3.0,http://www.rightmove.co.uk/properties/130688063#/?channel=RES_BUY,Merton
83,515000,SE18,4.0,http://www.rightmove.co.uk/properties/130684781#/?channel=RES_BUY,Eltham
86,850000,NW2,3.0,http://www.rightmove.co.uk/properties/126263675#/?channel=RES_BUY,Brent
87,799000,SW16,3.0,http://www.rightmove.co.uk/properties/130685726#/?channel=RES_BUY,Lambeth
88,985000,W4,3.0,http://www.rightmove.co.uk/properties/130685534#/?channel=RES_BUY,Hounslow
94,750000,W12,3.0,http://www.rightmove.co.uk/properties/127815770#/?channel=RES_BUY,Hammersmith
95,550000,N13,4.0,http://www.rightmove.co.uk/properties/130683545#/?channel=RES_BUY,Enfield
97,800000,NW10,3.0,http://www.rightmove.co.uk/properties/128374193#/?channel=RES_BUY,Brent
98,875000,SE6,4.0,http://www.rightmove.co.uk/properties/127939274#/?channel=RES_BUY,Lewisham
99,600000,E17,2.0,http://www.rightmove.co.uk/properties/130681922#/?channel=RES_BUY,Walthamstow
102,475000,SE13,2.0,http://www.rightmove.co.uk/properties/130680596#/?channel=RES_BUY,Lewisham
103,825000,SW17,3.0,http://www.rightmove.co.uk/properties/127994822#/?channel=RES_BUY,Wandsworth
105,550000,E15,3.0,http://www.rightmove.co.uk/properties/128284070#/?channel=RES_BUY,Stratford
109,570000,SE12,3.0,http://www.rightmove.co.uk/properties/128713028#/?channel=RES_BUY,Greenwich
110,380000,N17,2.0,http://www.rightmove.co.uk/properties/130677125#/?channel=RES_BUY,Tottenham
111,550000,SE8,3.0,http://www.rightmove.co.uk/properties/125175017#/?channel=RES_BUY,Lewisham
112,675000,E11,3.0,http://www.rightmove.co.uk/properties/128665637#/?channel=RES_BUY,Walthamstow
113,475000,E13,3.0,http://www.rightmove.co.uk/properties/129730400#/?channel=RES_BUY,East Ham
114,450000,SE18,4.0,http://www.rightmove.co.uk/properties/130676195#/?channel=RES_BUY,Eltham
115,800000,SE27,4.0,http://www.rightmove.co.uk/properties/130673732#/?channel=RES_BUY,Lambeth
116,800000,SE9,4.0,http://www.rightmove.co.uk/properties/126072746#/?channel=RES_BUY,Eltham
118,425000,SW16,2.0,http://www.rightmove.co.uk/properties/130670972#/?channel=RES_BUY,Lambeth
120,485000,E13,3.0,http://www.rightmove.co.uk/properties/130669610#/?channel=RES_BUY,East Ham
122,490000,N17,,http://www.rightmove.co.uk/properties/130667372#/?channel=RES_BUY,Tottenham
125,900000,W12,4.0,http://www.rightmove.co.uk/properties/125993039#/?channel=RES_BUY,Hammersmith
126,550000,SW16,3.0,http://www.rightmove.co.uk/properties/130666748#/?channel=RES_BUY,Lambeth
127,600000,SE19,3.0,http://www.rightmove.co.uk/properties/130666439#/?channel=RES_BUY,Croydon
128,650000,E14,4.0,http://www.rightmove.co.uk/properties/130665764#/?channel=RES_BUY,Poplar
130,715000,EN1,4.0,http://www.rightmove.co.uk/properties/130664297#/?channel=RES_BUY,Enfield
131,550000,N14,2.0,http://www.rightmove.co.uk/properties/130663691#/?channel=RES_BUY,Enfield
132,925000,SE9,4.0,http://www.rightmove.co.uk/properties/130663331#/?channel=RES_BUY,Eltham
134,495000,SE6,3.0,http://www.rightmove.co.uk/properties/130663106#/?channel=RES_BUY,Lewisham
135,750000,SW18,3.0,http://www.rightmove.co.uk/properties/130663079#/?channel=RES_BUY,Wandsworth
141,725000,SE27,4.0,http://www.rightmove.co.uk/properties/130660520#/?channel=RES_BUY,Lambeth
143,800000,SW20,3.0,http://www.rightmove.co.uk/properties/129131099#/?channel=RES_BUY,Merton
144,685000,N21,3.0,http://www.rightmove.co.uk/properties/130659587#/?channel=RES_BUY,Enfield
145,585000,N13,3.0,http://www.rightmove.co.uk/properties/130659284#/?channel=RES_BUY,Enfield
146,435000,N18,2.0,http://www.rightmove.co.uk/properties/130657055#/?channel=RES_BUY,Enfield
147,550000,E15,3.0,http://www.rightmove.co.uk/properties/130407965#/?channel=RES_BUY,Stratford
148,850000,E14,3.0,http://www.rightmove.co.uk/properties/130657187#/?channel=RES_BUY,Poplar
149,600000,N21,3.0,http://www.rightmove.co.uk/properties/129963686#/?channel=RES_BUY,Enfield
150,850000,SE16,4.0,http://www.rightmove.co.uk/properties/124408343#/?channel=RES_BUY,Camberwell
151,810000,SE9,4.0,http://www.rightmove.co.uk/properties/130656515#/?channel=RES_BUY,Eltham
152,775000,E17,3.0,http://www.rightmove.co.uk/properties/130656317#/?channel=RES_BUY,Walthamstow
153,650000,SW16,4.0,http://www.rightmove.co.uk/properties/130656350#/?channel=RES_BUY,Lambeth
154,625000,EN2,3.0,http://www.rightmove.co.uk/properties/126873089#/?channel=RES_BUY,Enfield
155,750000,SW17,3.0,http://www.rightmove.co.uk/properties/130655609#/?channel=RES_BUY,Wandsworth
156,800000,SE25,5.0,http://www.rightmove.co.uk/properties/130655567#/?channel=RES_BUY,Croydon
158,925000,SE15,3.0,http://www.rightmove.co.uk/properties/129965744#/?channel=RES_BUY,Camberwell
159,595000,SE10,3.0,http://www.rightmove.co.uk/properties/125964683#/?channel=RES_BUY,Greenwich
160,425000,SE28,3.0,http://www.rightmove.co.uk/properties/130654937#/?channel=RES_BUY,Eltham
161,440000,SE14,2.0,http://www.rightmove.co.uk/properties/122552039#/?channel=RES_BUY,Lewisham
163,575000,E7,3.0,http://www.rightmove.co.uk/properties/129695558#/?channel=RES_BUY,Stratford
165,389997,N22,3.0,http://www.rightmove.co.uk/properties/130650368#/?channel=RES_BUY,Tottenham
166,590000,E17,3.0,http://www.rightmove.co.uk/properties/130653395#/?channel=RES_BUY,Walthamstow
167,450000,N13,2.0,http://www.rightmove.co.uk/properties/130653068#/?channel=RES_BUY,Enfield
168,900000,N14,3.0,http://www.rightmove.co.uk/properties/123151370#/?channel=RES_BUY,Enfield
169,700000,SE27,3.0,http://www.rightmove.co.uk/properties/130652564#/?channel=RES_BUY,Lambeth
170,350000,E6,2.0,http://www.rightmove.co.uk/properties/130652414#/?channel=RES_BUY,East Ham
172,850000,NW2,2.0,http://www.rightmove.co.uk/properties/126716675#/?channel=RES_BUY,Brent
173,420000,N9,3.0,http://www.rightmove.co.uk/properties/127424513#/?channel=RES_BUY,Enfield
174,835000,SW20,5.0,http://www.rightmove.co.uk/properties/129600311#/?channel=RES_BUY,Merton
176,835000,SW20,5.0,http://www.rightmove.co.uk/properties/129601757#/?channel=RES_BUY,Merton
177,650000,N2,3.0,http://www.rightmove.co.uk/properties/130650644#/?channel=RES_BUY,Barnet
179,425000,E16,4.0,http://www.rightmove.co.uk/properties/130649498#/?channel=RES_BUY,East Ham
180,425000,N11,3.0,http://www.rightmove.co.uk/properties/130649492#/?channel=RES_BUY,Enfield
183,450000,SW16,3.0,http://www.rightmove.co.uk/properties/128817941#/?channel=RES_BUY,Lambeth
185,895000,N3,3.0,http://www.rightmove.co.uk/properties/130648484#/?channel=RES_BUY,Barnet
187,800000,SW20,3.0,http://www.rightmove.co.uk/properties/129188549#/?channel=RES_BUY,Merton
188,675000,SE23,4.0,http://www.rightmove.co.uk/properties/115430528#/?channel=RES_BUY,Lewisham
191,450000,NW9,3.0,http://www.rightmove.co.uk/properties/130644257#/?channel=RES_BUY,Brent
193,625000,NW2,3.0,http://www.rightmove.co.uk/properties/124092209#/?channel=RES_BUY,Brent
195,850000,E17,4.0,http://www.rightmove.co.uk/properties/130641899#/?channel=RES_BUY,Walthamstow
198,1000000,NW2,6.0,http://www.rightmove.co.uk/properties/130639922#/?channel=RES_BUY,Brent
199,1000000,SE22,4.0,http://www.rightmove.co.uk/properties/128015549#/?channel=RES_BUY,Camberwell
200,695000,SW12,2.0,http://www.rightmove.co.uk/properties/126426737#/?channel=RES_BUY,Wandsworth
201,600000,E12,3.0,http://www.rightmove.co.uk/properties/130638050#/?channel=RES_BUY,Stratford
202,650000,N17,3.0,http://www.rightmove.co.uk/properties/130447982#/?channel=RES_BUY,Tottenham
205,395000,SE15,2.0,http://www.rightmove.co.uk/properties/130636475#/?channel=RES_BUY,Camberwell
211,645000,E3,2.0,http://www.rightmove.co.uk/properties/125116541#/?channel=RES_BUY,Poplar
212,925000,SE23,4.0,http://www.rightmove.co.uk/properties/130635950#/?channel=RES_BUY,Lewisham
215,625000,SW9,3.0,http://www.rightmove.co.uk/properties/127823621#/?channel=RES_BUY,Lambeth
216,400000,SE18,2.0,http://www.rightmove.co.uk/properties/130635509#/?channel=RES_BUY,Eltham
218,999995,N1,3.0,http://www.rightmove.co.uk/properties/130634810#/?channel=RES_BUY,Islington
219,475000,N17,3.0,http://www.rightmove.co.uk/properties/128467448#/?channel=RES_BUY,Tottenham
220,925000,W5,5.0,http://www.rightmove.co.uk/properties/130633931#/?channel=RES_BUY,Ealing
221,700000,N11,3.0,http://www.rightmove.co.uk/properties/127721471#/?channel=RES_BUY,Enfield
222,750000,SW19,3.0,http://www.rightmove.co.uk/properties/130632995#/?channel=RES_BUY,Merton
223,600000,N12,3.0,http://www.rightmove.co.uk/properties/130632869#/?channel=RES_BUY,Barnet
224,875000,SE15,3.0,http://www.rightmove.co.uk/properties/128165204#/?channel=RES_BUY,Camberwell
225,550000,EN4,4.0,http://www.rightmove.co.uk/properties/130532150#/?channel=RES_BUY,Barnet
226,895000,SW16,3.0,http://www.rightmove.co.uk/properties/130631054#/?channel=RES_BUY,Lambeth
227,600000,NW7,4.0,http://www.rightmove.co.uk/properties/130630388#/?channel=RES_BUY,Barnet
229,550000,N17,3.0,http://www.rightmove.co.uk/properties/130627478#/?channel=RES_BUY,Tottenham
230,600000,SE16,3.0,http://www.rightmove.co.uk/properties/129881102#/?channel=RES_BUY,Camberwell
232,680000,SW16,3.0,http://www.rightmove.co.uk/properties/130626338#/?channel=RES_BUY,Lambeth
233,525000,E4,3.0,http://www.rightmove.co.uk/properties/130626152#/?channel=RES_BUY,Walthamstow
235,750000,N12,3.0,http://www.rightmove.co.uk/properties/130625921#/?channel=RES_BUY,Barnet
236,660000,W13,3.0,http://www.rightmove.co.uk/properties/130625831#/?channel=RES_BUY,Ealing
239,875000,W7,3.0,http://www.rightmove.co.uk/properties/130624964#/?channel=RES_BUY,Ealing
241,800000,W13,4.0,http://www.rightmove.co.uk/properties/130624355#/?channel=RES_BUY,Ealing
242,35000,SE27,,http://www.rightmove.co.uk/properties/125956043#/?channel=RES_BUY,Lambeth
243,675000,E5,2.0,http://www.rightmove.co.uk/properties/130622459#/?channel=RES_BUY,Hackney
245,700000,N11,4.0,http://www.rightmove.co.uk/properties/85964994#/?channel=RES_BUY,Enfield
246,389995,SE18,2.0,http://www.rightmove.co.uk/properties/130620713#/?channel=RES_BUY,Eltham
248,560000,EN2,3.0,http://www.rightmove.co.uk/properties/126760934#/?channel=RES_BUY,Enfield
252,775000,E10,3.0,http://www.rightmove.co.uk/properties/130615940#/?channel=RES_BUY,Walthamstow
255,440000,E13,3.0,http://www.rightmove.co.uk/properties/130615079#/?channel=RES_BUY,East Ham
258,975000,W10,3.0,http://www.rightmove.co.uk/properties/130614119#/?channel=RES_BUY,Kensington
259,650000,NW10,3.0,http://www.rightmove.co.uk/properties/129641150#/?channel=RES_BUY,Brent
260,500000,SE9,3.0,http://www.rightmove.co.uk/properties/128675111#/?channel=RES_BUY,Eltham
261,475000,SE6,2.0,http://www.rightmove.co.uk/properties/130613426#/?channel=RES_BUY,Lewisham
262,700000,E17,3.0,http://www.rightmove.co.uk/properties/114460796#/?channel=RES_BUY,Walthamstow
263,725000,SE13,3.0,http://www.rightmove.co.uk/properties/85801881#/?channel=RES_BUY,Lewisham
264,670000,E11,3.0,http://www.rightmove.co.uk/properties/130612058#/?channel=RES_BUY,Walthamstow
266,350000,SE6,1.0,http://www.rightmove.co.uk/properties/130611269#/?channel=RES_BUY,Lewisham
270,750000,SE23,3.0,http://www.rightmove.co.uk/properties/130610369#/?channel=RES_BUY,Lewisham
272,675000,SE12,4.0,http://www.rightmove.co.uk/properties/125010029#/?channel=RES_BUY,Greenwich
273,585000,SE18,3.0,http://www.rightmove.co.uk/properties/130609031#/?channel=RES_BUY,Eltham
274,850000,N11,4.0,http://www.rightmove.co.uk/properties/130608740#/?channel=RES_BUY,Enfield
277,440000,SE14,2.0,http://www.rightmove.co.uk/properties/128983655#/?channel=RES_BUY,Lewisham
278,735000,SW14,2.0,http://www.rightmove.co.uk/properties/130607504#/?channel=RES_BUY,Richmond
282,525000,SE14,3.0,http://www.rightmove.co.uk/properties/130373636#/?channel=RES_BUY,Lewisham
283,625000,W7,3.0,http://www.rightmove.co.uk/properties/130605134#/?channel=RES_BUY,Ealing
284,750000,E18,4.0,http://www.rightmove.co.uk/properties/130597133#/?channel=RES_BUY,Ilford
285,800000,E2,4.0,http://www.rightmove.co.uk/properties/130617362#/?channel=RES_BUY,Poplar
287,600000,NW9,3.0,http://www.rightmove.co.uk/properties/130602449#/?channel=RES_BUY,Brent
289,975000,SE16,4.0,http://www.rightmove.co.uk/properties/130601933#/?channel=RES_BUY,Camberwell
290,700000,SW18,3.0,http://www.rightmove.co.uk/properties/130601699#/?channel=RES_BUY,Wandsworth
293,800000,N4,4.0,http://www.rightmove.co.uk/properties/130601309#/?channel=RES_BUY,Hackney
294,500000,W5,2.0,http://www.rightmove.co.uk/properties/130601240#/?channel=RES_BUY,Ealing
296,800000,E10,3.0,http://www.rightmove.co.uk/properties/130600304#/?channel=RES_BUY,Walthamstow
297,850000,SW14,2.0,http://www.rightmove.co.uk/properties/130600301#/?channel=RES_BUY,Richmond
300,775000,EN2,4.0,http://www.rightmove.co.uk/properties/126885791#/?channel=RES_BUY,Enfield
304,475000,E4,3.0,http://www.rightmove.co.uk/properties/130599494#/?channel=RES_BUY,Walthamstow
305,400000,N18,2.0,http://www.rightmove.co.uk/properties/130599215#/?channel=RES_BUY,Enfield
306,435000,SE6,3.0,http://www.rightmove.co.uk/properties/130598993#/?channel=RES_BUY,Lewisham
307,875000,W7,3.0,http://www.rightmove.co.uk/properties/130598750#/?channel=RES_BUY,Ealing
308,750000,N2,3.0,http://www.rightmove.co.uk/properties/128400836#/?channel=RES_BUY,Barnet
309,825000,SE15,4.0,http://www.rightmove.co.uk/properties/130597616#/?channel=RES_BUY,Camberwell
310,515000,E12,3.0,http://www.rightmove.co.uk/properties/127495574#/?channel=RES_BUY,Stratford
311,625000,SE6,3.0,http://www.rightmove.co.uk/properties/129802862#/?channel=RES_BUY,Lewisham
313,585000,E14,2.0,http://www.rightmove.co.uk/properties/130596758#/?channel=RES_BUY,Poplar
314,375000,SW9,1.0,http://www.rightmove.co.uk/properties/128761937#/?channel=RES_BUY,Lambeth
315,900000,EN2,3.0,http://www.rightmove.co.uk/properties/127838321#/?channel=RES_BUY,Enfield
320,650000,SE13,3.0,http://www.rightmove.co.uk/properties/130457345#/?channel=RES_BUY,Lewisham
322,550000,SE25,4.0,http://www.rightmove.co.uk/properties/130594145#/?channel=RES_BUY,Croydon
323,850000,E17,3.0,http://www.rightmove.co.uk/properties/130594088#/?channel=RES_BUY,Walthamstow
325,875000,N14,3.0,http://www.rightmove.co.uk/properties/129886346#/?channel=RES_BUY,Enfield
326,950000,EN2,3.0,http://www.rightmove.co.uk/properties/127972379#/?channel=RES_BUY,Enfield
328,975000,W10,3.0,http://www.rightmove.co.uk/properties/130593104#/?channel=RES_BUY,Kensington
329,725000,SE6,3.0,http://www.rightmove.co.uk/properties/85831635#/?channel=RES_BUY,Lewisham
330,900000,SE25,6.0,http://www.rightmove.co.uk/properties/130592972#/?channel=RES_BUY,Croydon
334,525000,SE6,3.0,http://www.rightmove.co.uk/properties/130592312#/?channel=RES_BUY,Lewisham
335,895000,W5,3.0,http://www.rightmove.co.uk/properties/130592093#/?channel=RES_BUY,Ealing
336,850000,N15,3.0,http://www.rightmove.co.uk/properties/85902210#/?channel=RES_BUY,Tottenham
337,850000,SE15,3.0,http://www.rightmove.co.uk/properties/130216595#/?channel=RES_BUY,Camberwell
338,625000,SE9,4.0,http://www.rightmove.co.uk/properties/129496754#/?channel=RES_BUY,Eltham
339,900000,W7,4.0,http://www.rightmove.co.uk/properties/130588112#/?channel=RES_BUY,Ealing
342,850000,E10,4.0,http://www.rightmove.co.uk/properties/130586588#/?channel=RES_BUY,Walthamstow
343,400000,N15,1.0,http://www.rightmove.co.uk/properties/85915191#/?channel=RES_BUY,Tottenham
344,525000,SE9,3.0,http://www.rightmove.co.uk/properties/126078482#/?channel=RES_BUY,Eltham
345,720000,NW11,3.0,http://www.rightmove.co.uk/properties/130300739#/?channel=RES_BUY,Barnet
346,599995,SE25,3.0,http://www.rightmove.co.uk/properties/129419318#/?channel=RES_BUY,Croydon
347,625000,N17,3.0,http://www.rightmove.co.uk/properties/129100832#/?channel=RES_BUY,Tottenham
348,950000,E5,3.0,http://www.rightmove.co.uk/properties/130581908#/?channel=RES_BUY,Hackney
350,825000,E1,3.0,http://www.rightmove.co.uk/properties/119259305#/?channel=RES_BUY,Poplar
351,510000,SE7,3.0,http://www.rightmove.co.uk/properties/123830696#/?channel=RES_BUY,Greenwich
352,450000,SE25,3.0,http://www.rightmove.co.uk/properties/130576874#/?channel=RES_BUY,Croydon
354,950000,W4,3.0,http://www.rightmove.co.uk/properties/126964103#/?channel=RES_BUY,Hounslow
355,525000,SW18,2.0,http://www.rightmove.co.uk/properties/128738903#/?channel=RES_BUY,Wandsworth
359,625000,SW19,2.0,http://www.rightmove.co.uk/properties/127864061#/?channel=RES_BUY,Merton
360,950000,E11,3.0,http://www.rightmove.co.uk/properties/130572845#/?channel=RES_BUY,Walthamstow
367,850000,SE4,5.0,http://www.rightmove.co.uk/properties/126122171#/?channel=RES_BUY,Lewisham
368,600000,SE9,4.0,http://www.rightmove.co.uk/properties/130020515#/?channel=RES_BUY,Eltham
371,599950,SE9,4.0,http://www.rightmove.co.uk/properties/130569122#/?channel=RES_BUY,Eltham
374,190000,E12,1.0,http://www.rightmove.co.uk/properties/121401611#/?channel=RES_BUY,Stratford
377,400000,SE2,3.0,http://www.rightmove.co.uk/properties/130565777#/?channel=RES_BUY,Eltham
378,595000,N17,3.0,http://www.rightmove.co.uk/properties/130565009#/?channel=RES_BUY,Tottenham
379,850000,SE4,4.0,http://www.rightmove.co.uk/properties/129144869#/?channel=RES_BUY,Lewisham
380,425000,SE2,3.0,http://www.rightmove.co.uk/properties/130564115#/?channel=RES_BUY,Eltham
382,705000,N9,3.0,http://www.rightmove.co.uk/properties/129594845#/?channel=RES_BUY,Enfield
384,800000,SW15,2.0,http://www.rightmove.co.uk/properties/130562633#/?channel=RES_BUY,Wandsworth
385,950000,NW7,4.0,http://www.rightmove.co.uk/properties/128548601#/?channel=RES_BUY,Barnet
386,945000,SE26,5.0,http://www.rightmove.co.uk/properties/129297548#/?channel=RES_BUY,Lewisham
387,500000,E16,3.0,http://www.rightmove.co.uk/properties/85923858#/?channel=RES_BUY,East Ham
389,525000,N22,2.0,http://www.rightmove.co.uk/properties/130169447#/?channel=RES_BUY,Tottenham
390,480000,EN1,3.0,http://www.rightmove.co.uk/properties/129921698#/?channel=RES_BUY,Enfield
392,700000,SW9,2.0,http://www.rightmove.co.uk/properties/130561700#/?channel=RES_BUY,Lambeth
399,750000,E11,3.0,http://www.rightmove.co.uk/properties/130558850#/?channel=RES_BUY,Walthamstow
400,675000,NW7,3.0,http://www.rightmove.co.uk/properties/127355009#/?channel=RES_BUY,Barnet
402,850000,SE4,4.0,http://www.rightmove.co.uk/properties/126537110#/?channel=RES_BUY,Lewisham
404,200000,E15,3.0,http://www.rightmove.co.uk/properties/130556585#/?channel=RES_BUY,Stratford
406,475000,SE4,2.0,http://www.rightmove.co.uk/properties/130161023#/?channel=RES_BUY,Lewisham
407,1000000,SW19,3.0,http://www.rightmove.co.uk/properties/130554776#/?channel=RES_BUY,Merton
408,850000,E14,3.0,http://www.rightmove.co.uk/properties/130551605#/?channel=RES_BUY,Poplar
409,1000000,SW16,4.0,http://www.rightmove.co.uk/properties/130551452#/?channel=RES_BUY,Lambeth
410,725000,EN1,3.0,http://www.rightmove.co.uk/properties/130551368#/?channel=RES_BUY,Enfield
415,700000,E7,2.0,http://www.rightmove.co.uk/properties/130550330#/?channel=RES_BUY,Stratford
419,595000,N4,3.0,http://www.rightmove.co.uk/properties/130550030#/?channel=RES_BUY,Hackney
421,685000,SE23,2.0,http://www.rightmove.co.uk/properties/130549532#/?channel=RES_BUY,Lewisham
425,900000,N14,4.0,http://www.rightmove.co.uk/properties/128581316#/?channel=RES_BUY,Enfield
426,500000,EN1,3.0,http://www.rightmove.co.uk/properties/125018414#/?channel=RES_BUY,Enfield
427,650000,N11,3.0,http://www.rightmove.co.uk/properties/85957776#/?channel=RES_BUY,Enfield
430,899950,SW20,4.0,http://www.rightmove.co.uk/properties/130546370#/?channel=RES_BUY,Merton
431,850000,N10,3.0,http://www.rightmove.co.uk/properties/127113032#/?channel=RES_BUY,Tottenham
434,425000,N15,4.0,http://www.rightmove.co.uk/properties/124946087#/?channel=RES_BUY,Tottenham
435,585000,SE9,3.0,http://www.rightmove.co.uk/properties/126974090#/?channel=RES_BUY,Eltham
436,1000000,E9,3.0,http://www.rightmove.co.uk/properties/128936999#/?channel=RES_BUY,Hackney
437,475000,E12,3.0,http://www.rightmove.co.uk/properties/130538036#/?channel=RES_BUY,Stratford
439,800000,SE23,4.0,http://www.rightmove.co.uk/properties/129584660#/?channel=RES_BUY,Lewisham
440,675000,SE22,2.0,http://www.rightmove.co.uk/properties/127616927#/?channel=RES_BUY,Camberwell
441,850000,SE22,4.0,http://www.rightmove.co.uk/properties/124488986#/?channel=RES_BUY,Camberwell
444,650000,NW10,3.0,http://www.rightmove.co.uk/properties/130536674#/?channel=RES_BUY,Brent
445,675000,E7,4.0,http://www.rightmove.co.uk/properties/129702392#/?channel=RES_BUY,Stratford
447,400000,N9,2.0,http://www.rightmove.co.uk/properties/130534451#/?channel=RES_BUY,Enfield
451,975000,N2,3.0,http://www.rightmove.co.uk/properties/130533500#/?channel=RES_BUY,Barnet
452,825000,SW14,3.0,http://www.rightmove.co.uk/properties/130256852#/?channel=RES_BUY,Richmond
455,625000,NW9,3.0,http://www.rightmove.co.uk/properties/124382426#/?channel=RES_BUY,Brent
456,550000,EN4,4.0,http://www.rightmove.co.uk/properties/130532150#/?channel=RES_BUY,Barnet
457,425000,E13,2.0,http://www.rightmove.co.uk/properties/130532012#/?channel=RES_BUY,East Ham
459,800000,E11,5.0,http://www.rightmove.co.uk/properties/130302431#/?channel=RES_BUY,Walthamstow
460,625000,SE9,3.0,http://www.rightmove.co.uk/properties/128574860#/?channel=RES_BUY,Eltham
461,835000,SW9,2.0,http://www.rightmove.co.uk/properties/130531376#/?channel=RES_BUY,Lambeth
462,399995,N18,3.0,http://www.rightmove.co.uk/properties/130530713#/?channel=RES_BUY,Enfield
463,609995,SE9,3.0,http://www.rightmove.co.uk/properties/127952816#/?channel=RES_BUY,Eltham
464,995000,SW4,2.0,http://www.rightmove.co.uk/properties/130529936#/?channel=RES_BUY,Lambeth
467,799950,SW16,4.0,http://www.rightmove.co.uk/properties/130529237#/?channel=RES_BUY,Lambeth
468,200000,SE18,2.0,http://www.rightmove.co.uk/properties/130529150#/?channel=RES_BUY,Eltham
471,700000,NW10,3.0,http://www.rightmove.co.uk/properties/130527986#/?channel=RES_BUY,Brent
473,600000,E17,3.0,http://www.rightmove.co.uk/properties/130527545#/?channel=RES_BUY,Walthamstow
476,390000,SE18,2.0,http://www.rightmove.co.uk/properties/129905684#/?channel=RES_BUY,Eltham
477,600000,EN1,3.0,http://www.rightmove.co.uk/properties/130521380#/?channel=RES_BUY,Enfield
479,475000,SE18,3.0,http://www.rightmove.co.uk/properties/130513340#/?channel=RES_BUY,Eltham
481,450000,SE6,3.0,http://www.rightmove.co.uk/properties/130523957#/?channel=RES_BUY,Lewisham
483,995000,SE20,4.0,http://www.rightmove.co.uk/properties/130522130#/?channel=RES_BUY,Bromley
485,750000,SE7,3.0,http://www.rightmove.co.uk/properties/130521164#/?channel=RES_BUY,Greenwich
487,410000,SE18,2.0,http://www.rightmove.co.uk/properties/130516301#/?channel=RES_BUY,Eltham
488,599950,NW4,3.0,http://www.rightmove.co.uk/properties/125698547#/?channel=RES_BUY,Barnet
493,700000,NW2,3.0,http://www.rightmove.co.uk/properties/130518554#/?channel=RES_BUY,Brent
494,995000,SW6,3.0,http://www.rightmove.co.uk/properties/127904894#/?channel=RES_BUY,Hammersmith
498,760000,W7,3.0,http://www.rightmove.co.uk/properties/130516844#/?channel=RES_BUY,Ealing
499,525000,E7,3.0,http://www.rightmove.co.uk/properties/85394616#/?channel=RES_BUY,Stratford
500,900000,SE10,3.0,http://www.rightmove.co.uk/properties/130487492#/?channel=RES_BUY,Greenwich
501,250000,E6,1.0,http://www.rightmove.co.uk/properties/130516295#/?channel=RES_BUY,East Ham
502,525000,SE18,3.0,http://www.rightmove.co.uk/properties/127361210#/?channel=RES_BUY,Eltham
506,750000,NW10,3.0,http://www.rightmove.co.uk/properties/130515848#/?channel=RES_BUY,Brent
507,775000,N21,3.0,http://www.rightmove.co.uk/properties/129021176#/?channel=RES_BUY,Enfield
508,725000,SE22,2.0,http://www.rightmove.co.uk/properties/130515053#/?channel=RES_BUY,Camberwell
509,895000,NW9,4.0,http://www.rightmove.co.uk/properties/125324372#/?channel=RES_BUY,Brent
510,950000,N8,3.0,http://www.rightmove.co.uk/properties/125478002#/?channel=RES_BUY,Tottenham
514,695000,EN2,3.0,http://www.rightmove.co.uk/properties/129343790#/?channel=RES_BUY,Enfield
515,575000,N22,3.0,http://www.rightmove.co.uk/properties/130511726#/?channel=RES_BUY,Tottenham
518,775000,E10,5.0,http://www.rightmove.co.uk/properties/127186106#/?channel=RES_BUY,Walthamstow
520,500000,SE13,4.0,http://www.rightmove.co.uk/properties/130509284#/?channel=RES_BUY,Lewisham
521,625000,SE20,3.0,http://www.rightmove.co.uk/properties/130537292#/?channel=RES_BUY,Bromley
524,750000,E17,6.0,http://www.rightmove.co.uk/properties/85934349#/?channel=RES_BUY,Walthamstow
525,410000,N17,2.0,http://www.rightmove.co.uk/properties/130299956#/?channel=RES_BUY,Tottenham
526,950000,EC1,2.0,http://www.rightmove.co.uk/properties/130506773#/?channel=RES_BUY,Islington
528,800000,SE23,3.0,http://www.rightmove.co.uk/properties/127210580#/?channel=RES_BUY,Lewisham
529,900000,SE23,3.0,http://www.rightmove.co.uk/properties/130506359#/?channel=RES_BUY,Lewisham
530,650000,SE6,3.0,http://www.rightmove.co.uk/properties/127823405#/?channel=RES_BUY,Lewisham
531,475000,SE9,3.0,http://www.rightmove.co.uk/properties/129856166#/?channel=RES_BUY,Eltham
533,600000,EN1,4.0,http://www.rightmove.co.uk/properties/130505138#/?channel=RES_BUY,Enfield
534,600000,W12,4.0,http://www.rightmove.co.uk/properties/79554540#/?channel=RES_BUY,Hammersmith
535,750000,E11,3.0,http://www.rightmove.co.uk/properties/130503983#/?channel=RES_BUY,Walthamstow
537,600000,E10,3.0,http://www.rightmove.co.uk/properties/126519518#/?channel=RES_BUY,Walthamstow
538,899950,NW4,4.0,http://www.rightmove.co.uk/properties/129344486#/?channel=RES_BUY,Barnet
540,869000,N20,4.0,http://www.rightmove.co.uk/properties/126994358#/?channel=RES_BUY,Barnet
541,700000,E4,4.0,http://www.rightmove.co.uk/properties/130501037#/?channel=RES_BUY,Walthamstow
544,625000,SE6,3.0,http://www.rightmove.co.uk/properties/130500197#/?channel=RES_BUY,Lewisham
545,725000,N14,5.0,http://www.rightmove.co.uk/properties/130499894#/?channel=RES_BUY,Enfield
546,850000,SW17,3.0,http://www.rightmove.co.uk/properties/130499759#/?channel=RES_BUY,Wandsworth
548,900000,SE26,4.0,http://www.rightmove.co.uk/properties/130499672#/?channel=RES_BUY,Lewisham
549,950000,SW17,3.0,http://www.rightmove.co.uk/properties/130499399#/?channel=RES_BUY,Wandsworth
550,750000,EN2,3.0,http://www.rightmove.co.uk/properties/124197215#/?channel=RES_BUY,Enfield
552,575000,N22,2.0,http://www.rightmove.co.uk/properties/130497656#/?channel=RES_BUY,Tottenham
554,500000,E6,3.0,http://www.rightmove.co.uk/properties/130496279#/?channel=RES_BUY,East Ham
555,560000,SE25,4.0,http://www.rightmove.co.uk/properties/129705407#/?channel=RES_BUY,Croydon
557,449995,N9,3.0,http://www.rightmove.co.uk/properties/130491638#/?channel=RES_BUY,Enfield
559,425000,SE3,2.0,http://www.rightmove.co.uk/properties/130490864#/?channel=RES_BUY,Greenwich
561,600000,SE13,2.0,http://www.rightmove.co.uk/properties/128925668#/?channel=RES_BUY,Lewisham
562,650000,N17,3.0,http://www.rightmove.co.uk/properties/130489403#/?channel=RES_BUY,Tottenham
563,670000,SW16,4.0,http://www.rightmove.co.uk/properties/128457422#/?channel=RES_BUY,Lambeth
564,450000,N18,3.0,http://www.rightmove.co.uk/properties/130489052#/?channel=RES_BUY,Enfield
565,900000,SE10,3.0,http://www.rightmove.co.uk/properties/130488287#/?channel=RES_BUY,Greenwich
567,500000,E15,2.0,http://www.rightmove.co.uk/properties/128568770#/?channel=RES_BUY,Stratford
568,900000,SE10,3.0,http://www.rightmove.co.uk/properties/130487492#/?channel=RES_BUY,Greenwich
569,850000,SE9,4.0,http://www.rightmove.co.uk/properties/130486442#/?channel=RES_BUY,Eltham
570,720000,SE15,3.0,http://www.rightmove.co.uk/properties/130485905#/?channel=RES_BUY,Camberwell
571,624995,E4,5.0,http://www.rightmove.co.uk/properties/129345092#/?channel=RES_BUY,Walthamstow
572,450000,SE18,3.0,http://www.rightmove.co.uk/properties/125218133#/?channel=RES_BUY,Eltham
573,525000,SW16,4.0,http://www.rightmove.co.uk/properties/128975177#/?channel=RES_BUY,Lambeth
574,365000,N9,3.0,http://www.rightmove.co.uk/properties/127391552#/?channel=RES_BUY,Enfield
575,595000,E17,2.0,http://www.rightmove.co.uk/properties/130380548#/?channel=RES_BUY,Walthamstow
579,575000,E4,3.0,http://www.rightmove.co.uk/properties/130473017#/?channel=RES_BUY,Walthamstow
580,575000,N11,2.0,http://www.rightmove.co.uk/properties/130472741#/?channel=RES_BUY,Enfield
581,800000,SE13,3.0,http://www.rightmove.co.uk/properties/128309750#/?channel=RES_BUY,Lewisham
582,800000,N11,5.0,http://www.rightmove.co.uk/properties/130471652#/?channel=RES_BUY,Enfield
584,699950,SE26,3.0,http://www.rightmove.co.uk/properties/130471589#/?channel=RES_BUY,Lewisham
585,475000,SE7,4.0,http://www.rightmove.co.uk/properties/129649199#/?channel=RES_BUY,Greenwich
586,420000,SE25,2.0,http://www.rightmove.co.uk/properties/126702965#/?channel=RES_BUY,Croydon
589,899000,NW9,5.0,http://www.rightmove.co.uk/properties/130469414#/?channel=RES_BUY,Brent
591,525000,SE9,3.0,http://www.rightmove.co.uk/properties/127120184#/?channel=RES_BUY,Eltham
592,650000,SE22,2.0,http://www.rightmove.co.uk/properties/129194942#/?channel=RES_BUY,Camberwell
593,795000,SW17,4.0,http://www.rightmove.co.uk/properties/130467080#/?channel=RES_BUY,Wandsworth
594,550000,SE6,3.0,http://www.rightmove.co.uk/properties/129942272#/?channel=RES_BUY,Lewisham
595,590000,SE3,3.0,http://www.rightmove.co.uk/properties/128286242#/?channel=RES_BUY,Greenwich
596,750000,SW19,3.0,http://www.rightmove.co.uk/properties/130464524#/?channel=RES_BUY,Merton
597,600000,SE14,4.0,http://www.rightmove.co.uk/properties/130464449#/?channel=RES_BUY,Lewisham
598,650000,W3,3.0,http://www.rightmove.co.uk/properties/85703967#/?channel=RES_BUY,Ealing
599,850000,SE12,3.0,http://www.rightmove.co.uk/properties/130464047#/?channel=RES_BUY,Greenwich
600,600000,N11,3.0,http://www.rightmove.co.uk/properties/125517383#/?channel=RES_BUY,Enfield
601,675000,SE9,4.0,http://www.rightmove.co.uk/properties/129168752#/?channel=RES_BUY,Eltham
603,375000,SE18,2.0,http://www.rightmove.co.uk/properties/127989551#/?channel=RES_BUY,Eltham
605,475000,SE25,3.0,http://www.rightmove.co.uk/properties/126297983#/?channel=RES_BUY,Croydon
608,675000,E11,3.0,http://www.rightmove.co.uk/properties/129526520#/?channel=RES_BUY,Walthamstow
609,385000,SE7,2.0,http://www.rightmove.co.uk/properties/130462121#/?channel=RES_BUY,Greenwich
619,575000,E13,3.0,http://www.rightmove.co.uk/properties/130458554#/?channel=RES_BUY,East Ham
620,600000,N17,3.0,http://www.rightmove.co.uk/properties/129399425#/?channel=RES_BUY,Tottenham
621,612500,EN2,4.0,http://www.rightmove.co.uk/properties/121373315#/?channel=RES_BUY,Enfield
622,800000,NW10,3.0,http://www.rightmove.co.uk/properties/126446792#/?channel=RES_BUY,Brent
623,925000,SW20,4.0,http://www.rightmove.co.uk/properties/130456967#/?channel=RES_BUY,Merton
624,310000,E15,1.0,http://www.rightmove.co.uk/properties/126066284#/?channel=RES_BUY,Stratford
625,650000,CR7,3.0,http://www.rightmove.co.uk/properties/129727964#/?channel=RES_BUY,Croydon
626,570000,E1,2.0,http://www.rightmove.co.uk/properties/130456154#/?channel=RES_BUY,Poplar
630,700000,E1,4.0,http://www.rightmove.co.uk/properties/129435806#/?channel=RES_BUY,Poplar
631,950000,SW18,3.0,http://www.rightmove.co.uk/properties/122713781#/?channel=RES_BUY,Wandsworth
633,485000,E6,3.0,http://www.rightmove.co.uk/properties/130453844#/?channel=RES_BUY,East Ham
634,900000,SW18,3.0,http://www.rightmove.co.uk/properties/130453676#/?channel=RES_BUY,Wandsworth
636,550000,E4,2.0,http://www.rightmove.co.uk/properties/130413671#/?channel=RES_BUY,Walthamstow
637,990000,SW2,5.0,http://www.rightmove.co.uk/properties/130451519#/?channel=RES_BUY,Lambeth
638,600000,E15,3.0,http://www.rightmove.co.uk/properties/130451342#/?channel=RES_BUY,Stratford
641,525000,SE18,3.0,http://www.rightmove.co.uk/properties/126235172#/?channel=RES_BUY,Eltham
642,650000,E4,3.0,http://www.rightmove.co.uk/properties/130449191#/?channel=RES_BUY,Walthamstow
643,550000,SE3,3.0,http://www.rightmove.co.uk/properties/128267987#/?channel=RES_BUY,Greenwich
644,525000,E4,3.0,http://www.rightmove.co.uk/properties/130448486#/?channel=RES_BUY,Walthamstow
646,990000,SW2,5.0,http://www.rightmove.co.uk/properties/120462899#/?channel=RES_BUY,Lambeth
647,550000,SE26,2.0,http://www.rightmove.co.uk/properties/130447034#/?channel=RES_BUY,Lewisham
648,750000,N20,3.0,http://www.rightmove.co.uk/properties/127836809#/?channel=RES_BUY,Barnet
652,650000,N21,2.0,http://www.rightmove.co.uk/properties/128280455#/?channel=RES_BUY,Enfield
653,675000,NW4,5.0,http://www.rightmove.co.uk/properties/130440191#/?channel=RES_BUY,Barnet
654,650000,SE1,3.0,http://www.rightmove.co.uk/properties/130439363#/?channel=RES_BUY,Camberwell
656,700000,SW9,4.0,http://www.rightmove.co.uk/properties/129638048#/?channel=RES_BUY,Lambeth
657,600000,E17,2.0,http://www.rightmove.co.uk/properties/128684894#/?channel=RES_BUY,Walthamstow
658,610000,EN1,3.0,http://www.rightmove.co.uk/properties/130436555#/?channel=RES_BUY,Enfield
659,750000,E4,3.0,http://www.rightmove.co.uk/properties/128950010#/?channel=RES_BUY,Walthamstow
660,435000,SE2,2.0,http://www.rightmove.co.uk/properties/130435844#/?channel=RES_BUY,Eltham
662,825000,SE19,4.0,http://www.rightmove.co.uk/properties/130435808#/?channel=RES_BUY,Croydon
668,825000,N14,3.0,http://www.rightmove.co.uk/properties/128884589#/?channel=RES_BUY,Enfield
672,465000,W7,2.0,http://www.rightmove.co.uk/properties/128166617#/?channel=RES_BUY,Ealing
673,875000,N2,2.0,http://www.rightmove.co.uk/properties/130431080#/?channel=RES_BUY,Barnet
674,425000,SE2,3.0,http://www.rightmove.co.uk/properties/129194909#/?channel=RES_BUY,Eltham
676,1000000,E5,4.0,http://www.rightmove.co.uk/properties/130429517#/?channel=RES_BUY,Hackney
677,575000,SE6,2.0,http://www.rightmove.co.uk/properties/129881741#/?channel=RES_BUY,Lewisham
678,600000,SE15,2.0,http://www.rightmove.co.uk/properties/125067593#/?channel=RES_BUY,Camberwell
679,900000,N13,6.0,http://www.rightmove.co.uk/properties/128072840#/?channel=RES_BUY,Enfield
680,825000,E17,4.0,http://www.rightmove.co.uk/properties/129321410#/?channel=RES_BUY,Walthamstow
681,775000,SE13,3.0,http://www.rightmove.co.uk/properties/130426943#/?channel=RES_BUY,Lewisham
683,800000,E17,3.0,http://www.rightmove.co.uk/properties/127126112#/?channel=RES_BUY,Walthamstow
684,725000,SW16,5.0,http://www.rightmove.co.uk/properties/130424765#/?channel=RES_BUY,Lambeth
685,475000,SW16,3.0,http://www.rightmove.co.uk/properties/127813979#/?channel=RES_BUY,Lambeth
686,599999,E12,4.0,http://www.rightmove.co.uk/properties/128631308#/?channel=RES_BUY,Stratford
687,435000,SE6,3.0,http://www.rightmove.co.uk/properties/129562529#/?channel=RES_BUY,Lewisham
688,765000,SE20,4.0,http://www.rightmove.co.uk/properties/129562658#/?channel=RES_BUY,Bromley
689,550000,NW10,3.0,http://www.rightmove.co.uk/properties/130340915#/?channel=RES_BUY,Brent
690,630000,E6,5.0,http://www.rightmove.co.uk/properties/127958825#/?channel=RES_BUY,East Ham
695,600000,N15,4.0,http://www.rightmove.co.uk/properties/129905021#/?channel=RES_BUY,Tottenham
696,875000,EN2,4.0,http://www.rightmove.co.uk/properties/130422206#/?channel=RES_BUY,Enfield
697,820000,NW9,7.0,http://www.rightmove.co.uk/properties/128438561#/?channel=RES_BUY,Brent
698,600000,SE3,3.0,http://www.rightmove.co.uk/properties/130421069#/?channel=RES_BUY,Greenwich
699,600000,SE3,3.0,http://www.rightmove.co.uk/properties/130421051#/?channel=RES_BUY,Greenwich
701,995000,SE13,5.0,http://www.rightmove.co.uk/properties/127604312#/?channel=RES_BUY,Lewisham
702,650000,NW10,3.0,http://www.rightmove.co.uk/properties/130420433#/?channel=RES_BUY,Brent
703,585000,SW17,2.0,http://www.rightmove.co.uk/properties/130055408#/?channel=RES_BUY,Wandsworth
704,1000000,E4,4.0,http://www.rightmove.co.uk/properties/130419794#/?channel=RES_BUY,Walthamstow
705,725000,N11,3.0,http://www.rightmove.co.uk/properties/130419200#/?channel=RES_BUY,Enfield
706,900000,EC1V,2.0,http://www.rightmove.co.uk/properties/130418597#/?channel=RES_BUY,Islington
707,900000,SE27,4.0,http://www.rightmove.co.uk/properties/130435556#/?channel=RES_BUY,Lambeth
708,605000,E6,5.0,http://www.rightmove.co.uk/properties/130417952#/?channel=RES_BUY,East Ham
710,1000000,N14,4.0,http://www.rightmove.co.uk/properties/130417064#/?channel=RES_BUY,Enfield
712,700000,E17,3.0,http://www.rightmove.co.uk/properties/126359945#/?channel=RES_BUY,Walthamstow
714,550000,EN2,3.0,http://www.rightmove.co.uk/properties/128451518#/?channel=RES_BUY,Enfield
715,565000,SE10,2.0,http://www.rightmove.co.uk/properties/130414730#/?channel=RES_BUY,Greenwich
721,540000,W3,2.0,http://www.rightmove.co.uk/properties/111074381#/?channel=RES_BUY,Ealing
722,775000,NW10,3.0,http://www.rightmove.co.uk/properties/126551336#/?channel=RES_BUY,Brent
723,500000,E15,3.0,http://www.rightmove.co.uk/properties/129885461#/?channel=RES_BUY,Stratford
725,950000,NW1,3.0,http://www.rightmove.co.uk/properties/129095012#/?channel=RES_BUY,Camden Town
726,575000,NW2,3.0,http://www.rightmove.co.uk/properties/124092290#/?channel=RES_BUY,Brent
727,575000,N3,3.0,http://www.rightmove.co.uk/properties/130411502#/?channel=RES_BUY,Barnet
728,449995,E16,3.0,http://www.rightmove.co.uk/properties/129462695#/?channel=RES_BUY,East Ham
729,624995,N22,3.0,http://www.rightmove.co.uk/properties/107592428#/?channel=RES_BUY,Tottenham
730,425000,N17,2.0,http://www.rightmove.co.uk/properties/128943356#/?channel=RES_BUY,Tottenham
732,720000,SE18,3.0,http://www.rightmove.co.uk/properties/127672316#/?channel=RES_BUY,Eltham
733,625000,SE16,2.0,http://www.rightmove.co.uk/properties/130221647#/?channel=RES_BUY,Camberwell
734,439995,N9,3.0,http://www.rightmove.co.uk/properties/130409186#/?channel=RES_BUY,Enfield
737,525000,SE18,3.0,http://www.rightmove.co.uk/properties/130406102#/?channel=RES_BUY,Eltham
739,600000,SE6,3.0,http://www.rightmove.co.uk/properties/130390577#/?channel=RES_BUY,Lewisham
745,450000,SE18,2.0,http://www.rightmove.co.uk/properties/130401518#/?channel=RES_BUY,Eltham
746,650000,SE3,4.0,http://www.rightmove.co.uk/properties/85963512#/?channel=RES_BUY,Greenwich
749,450000,SE9,3.0,http://www.rightmove.co.uk/properties/130398383#/?channel=RES_BUY,Eltham
750,885000,SE27,4.0,http://www.rightmove.co.uk/properties/129003680#/?channel=RES_BUY,Lambeth
752,750000,N5,1.0,http://www.rightmove.co.uk/properties/130397936#/?channel=RES_BUY,Islington
756,895000,SW19,2.0,http://www.rightmove.co.uk/properties/130396580#/?channel=RES_BUY,Merton
758,575000,SW2,1.0,http://www.rightmove.co.uk/properties/130395893#/?channel=RES_BUY,Lambeth
760,350000,SE18,3.0,http://www.rightmove.co.uk/properties/130395539#/?channel=RES_BUY,Eltham
762,650000,BR3,4.0,http://www.rightmove.co.uk/properties/126344951#/?channel=RES_BUY,Bromley
763,430000,SE13,1.0,http://www.rightmove.co.uk/properties/130393718#/?channel=RES_BUY,Lewisham
764,450000,E13,2.0,http://www.rightmove.co.uk/properties/126364664#/?channel=RES_BUY,East Ham
766,650000,NW9,4.0,http://www.rightmove.co.uk/properties/130392770#/?channel=RES_BUY,Brent
768,799999,N21,4.0,http://www.rightmove.co.uk/properties/130390115#/?channel=RES_BUY,Enfield
769,625000,NW4,3.0,http://www.rightmove.co.uk/properties/127526075#/?channel=RES_BUY,Barnet
771,850000,SE8,3.0,http://www.rightmove.co.uk/properties/130429019#/?channel=RES_BUY,Lewisham
776,600000,NW9,3.0,http://www.rightmove.co.uk/properties/130386062#/?channel=RES_BUY,Brent
777,600000,SE10,3.0,http://www.rightmove.co.uk/properties/127436888#/?channel=RES_BUY,Greenwich
779,600000,E15,3.0,http://www.rightmove.co.uk/properties/129686384#/?channel=RES_BUY,Stratford
781,650000,E17,2.0,http://www.rightmove.co.uk/properties/85820832#/?channel=RES_BUY,Walthamstow
783,600000,E10,3.0,http://www.rightmove.co.uk/properties/125312858#/?channel=RES_BUY,Walthamstow
785,725000,SE9,3.0,http://www.rightmove.co.uk/properties/127143446#/?channel=RES_BUY,Eltham
786,775000,SE23,3.0,http://www.rightmove.co.uk/properties/130383257#/?channel=RES_BUY,Lewisham
788,850000,SW17,4.0,http://www.rightmove.co.uk/properties/130382474#/?channel=RES_BUY,Wandsworth
789,950000,N8,3.0,http://www.rightmove.co.uk/properties/127169477#/?channel=RES_BUY,Tottenham
790,975000,SE15,3.0,http://www.rightmove.co.uk/properties/130382003#/?channel=RES_BUY,Camberwell
794,950000,NW10,4.0,http://www.rightmove.co.uk/properties/130379831#/?channel=RES_BUY,Brent
795,699000,E1,2.0,http://www.rightmove.co.uk/properties/126858125#/?channel=RES_BUY,Poplar
797,750000,SE27,3.0,http://www.rightmove.co.uk/properties/130377038#/?channel=RES_BUY,Lambeth
802,320000,N9,3.0,http://www.rightmove.co.uk/properties/130375772#/?channel=RES_BUY,Enfield
803,900000,E5,3.0,http://www.rightmove.co.uk/properties/130375049#/?channel=RES_BUY,Hackney
804,700000,NW10,3.0,http://www.rightmove.co.uk/properties/129210605#/?channel=RES_BUY,Brent
805,849950,NW10,3.0,http://www.rightmove.co.uk/properties/128917868#/?channel=RES_BUY,Brent
807,450000,N13,3.0,http://www.rightmove.co.uk/properties/128937287#/?channel=RES_BUY,Enfield
810,799950,SE14,3.0,http://www.rightmove.co.uk/properties/85475439#/?channel=RES_BUY,Lewisham
811,250000,E13,2.0,http://www.rightmove.co.uk/properties/130027337#/?channel=RES_BUY,East Ham
812,420000,SE18,2.0,http://www.rightmove.co.uk/properties/130372544#/?channel=RES_BUY,Eltham
815,785000,SE9,3.0,http://www.rightmove.co.uk/properties/130369268#/?channel=RES_BUY,Eltham
816,950000,SE23,4.0,http://www.rightmove.co.uk/properties/130370741#/?channel=RES_BUY,Lewisham
818,925000,SW19,4.0,http://www.rightmove.co.uk/properties/129119675#/?channel=RES_BUY,Merton
819,550000,SE6,3.0,http://www.rightmove.co.uk/properties/130370489#/?channel=RES_BUY,Lewisham
824,475000,EN1,3.0,http://www.rightmove.co.uk/properties/130368083#/?channel=RES_BUY,Enfield
826,430000,SE13,1.0,http://www.rightmove.co.uk/properties/130367705#/?channel=RES_BUY,Lewisham
827,950000,W10,4.0,http://www.rightmove.co.uk/properties/128534144#/?channel=RES_BUY,Kensington
829,425000,SE13,1.0,http://www.rightmove.co.uk/properties/130367393#/?channel=RES_BUY,Lewisham
830,415000,SE13,1.0,http://www.rightmove.co.uk/properties/130367264#/?channel=RES_BUY,Lewisham
832,575000,SE26,5.0,http://www.rightmove.co.uk/properties/85769328#/?channel=RES_BUY,Lewisham
833,615000,E7,4.0,http://www.rightmove.co.uk/properties/130342925#/?channel=RES_BUY,Stratford
834,675000,E17,3.0,http://www.rightmove.co.uk/properties/128642531#/?channel=RES_BUY,Walthamstow
835,380000,SE28,3.0,http://www.rightmove.co.uk/properties/129842372#/?channel=RES_BUY,Eltham
836,795000,SW11,2.0,http://www.rightmove.co.uk/properties/129528317#/?channel=RES_BUY,Wandsworth
837,815000,SW17,3.0,http://www.rightmove.co.uk/properties/126414173#/?channel=RES_BUY,Wandsworth
838,600000,E15,3.0,http://www.rightmove.co.uk/properties/130361759#/?channel=RES_BUY,Stratford
839,750000,N1,1.0,http://www.rightmove.co.uk/properties/130361627#/?channel=RES_BUY,Islington
840,875000,W13,4.0,http://www.rightmove.co.uk/properties/130361501#/?channel=RES_BUY,Ealing
841,550000,EN1,3.0,http://www.rightmove.co.uk/properties/126720056#/?channel=RES_BUY,Enfield
844,425000,CR7,3.0,http://www.rightmove.co.uk/properties/130359251#/?channel=RES_BUY,Croydon
845,400000,SE8,1.0,http://www.rightmove.co.uk/properties/130325003#/?channel=RES_BUY,Lewisham
846,950000,SE6,4.0,http://www.rightmove.co.uk/properties/130356950#/?channel=RES_BUY,Lewisham
847,670000,E11,3.0,http://www.rightmove.co.uk/properties/130356677#/?channel=RES_BUY,Walthamstow
848,450000,N17,2.0,http://www.rightmove.co.uk/properties/122534909#/?channel=RES_BUY,Tottenham
849,535000,NW9,3.0,http://www.rightmove.co.uk/properties/130355600#/?channel=RES_BUY,Brent
851,825000,N2,2.0,http://www.rightmove.co.uk/properties/130355072#/?channel=RES_BUY,Barnet
852,950000,W10,4.0,http://www.rightmove.co.uk/properties/85852044#/?channel=RES_BUY,Kensington
853,675000,SW8,3.0,http://www.rightmove.co.uk/properties/85721556#/?channel=RES_BUY,Lambeth
854,475000,NW10,3.0,http://www.rightmove.co.uk/properties/130354655#/?channel=RES_BUY,Brent
855,525000,N21,2.0,http://www.rightmove.co.uk/properties/130354304#/?channel=RES_BUY,Enfield
857,400000,SE18,2.0,http://www.rightmove.co.uk/properties/130353803#/?channel=RES_BUY,Eltham
858,900000,SE25,6.0,http://www.rightmove.co.uk/properties/130353728#/?channel=RES_BUY,Croydon
859,700000,E1,3.0,http://www.rightmove.co.uk/properties/128365055#/?channel=RES_BUY,Poplar
863,500000,NW2,2.0,http://www.rightmove.co.uk/properties/130351667#/?channel=RES_BUY,Brent
864,900000,EN1,3.0,http://www.rightmove.co.uk/properties/129676580#/?channel=RES_BUY,Enfield
865,500000,SE18,4.0,http://www.rightmove.co.uk/properties/127418423#/?channel=RES_BUY,Eltham
866,800000,SW16,4.0,http://www.rightmove.co.uk/properties/130349879#/?channel=RES_BUY,Lambeth
867,600000,SE23,3.0,http://www.rightmove.co.uk/properties/129005675#/?channel=RES_BUY,Lewisham
868,950000,NW4,4.0,http://www.rightmove.co.uk/properties/130349552#/?channel=RES_BUY,Barnet
869,800000,E17,3.0,http://www.rightmove.co.uk/properties/126939932#/?channel=RES_BUY,Walthamstow
871,800000,W13,3.0,http://www.rightmove.co.uk/properties/126279869#/?channel=RES_BUY,Ealing
872,525000,SE7,3.0,http://www.rightmove.co.uk/properties/125823389#/?channel=RES_BUY,Greenwich
873,699000,NW2,5.0,http://www.rightmove.co.uk/properties/130348310#/?channel=RES_BUY,Brent
875,667000,N10,3.0,http://www.rightmove.co.uk/properties/130587782#/?channel=RES_BUY,Tottenham
876,950000,W10,4.0,http://www.rightmove.co.uk/properties/128509739#/?channel=RES_BUY,Kensington
880,500000,E17,3.0,http://www.rightmove.co.uk/properties/129717434#/?channel=RES_BUY,Walthamstow
881,650000,SW6,2.0,http://www.rightmove.co.uk/properties/130346345#/?channel=RES_BUY,Hammersmith
882,950000,W10,4.0,http://www.rightmove.co.uk/properties/128466959#/?channel=RES_BUY,Kensington
886,675000,EN2,3.0,http://www.rightmove.co.uk/properties/127299776#/?channel=RES_BUY,Enfield
887,650000,SE23,4.0,http://www.rightmove.co.uk/properties/130345178#/?channel=RES_BUY,Lewisham
891,1000000,SW16,5.0,http://www.rightmove.co.uk/properties/130344158#/?channel=RES_BUY,Lambeth
892,500000,E7,2.0,http://www.rightmove.co.uk/properties/123276365#/?channel=RES_BUY,Stratford
894,950000,NW11,3.0,http://www.rightmove.co.uk/properties/129879875#/?channel=RES_BUY,Barnet
895,425000,NW9,3.0,http://www.rightmove.co.uk/properties/130342625#/?channel=RES_BUY,Brent
896,775000,SE23,3.0,http://www.rightmove.co.uk/properties/130342139#/?channel=RES_BUY,Lewisham
897,900000,SE6,4.0,http://www.rightmove.co.uk/properties/130341869#/?channel=RES_BUY,Lewisham
898,550000,SE9,4.0,http://www.rightmove.co.uk/properties/130341302#/?channel=RES_BUY,Eltham
899,885000,N3,4.0,http://www.rightmove.co.uk/properties/125734445#/?channel=RES_BUY,Barnet
901,899000,NW4,5.0,http://www.rightmove.co.uk/properties/129642368#/?channel=RES_BUY,Barnet
902,899000,NW4,5.0,http://www.rightmove.co.uk/properties/129966599#/?channel=RES_BUY,Barnet
903,675000,SE20,3.0,http://www.rightmove.co.uk/properties/128638325#/?channel=RES_BUY,Bromley
904,585000,W7,3.0,http://www.rightmove.co.uk/properties/129572597#/?channel=RES_BUY,Ealing
905,450000,N17,3.0,http://www.rightmove.co.uk/properties/130339328#/?channel=RES_BUY,Tottenham
907,950000,SW12,3.0,http://www.rightmove.co.uk/properties/130339229#/?channel=RES_BUY,Wandsworth
909,495000,N12,2.0,http://www.rightmove.co.uk/properties/130338371#/?channel=RES_BUY,Barnet
910,799950,NW10,3.0,http://www.rightmove.co.uk/properties/130338026#/?channel=RES_BUY,Brent
917,600000,SE19,4.0,http://www.rightmove.co.uk/properties/129392936#/?channel=RES_BUY,Croydon
918,375000,SE18,2.0,http://www.rightmove.co.uk/properties/130333943#/?channel=RES_BUY,Eltham
919,720000,NW2,3.0,http://www.rightmove.co.uk/properties/128838860#/?channel=RES_BUY,Brent
922,600000,SE3,3.0,http://www.rightmove.co.uk/properties/130332851#/?channel=RES_BUY,Greenwich
926,800000,SW15,,http://www.rightmove.co.uk/properties/130332092#/?channel=RES_BUY,Wandsworth
927,800000,SW15,3.0,http://www.rightmove.co.uk/properties/125189993#/?channel=RES_BUY,Wandsworth
928,600000,E10,4.0,http://www.rightmove.co.uk/properties/129040190#/?channel=RES_BUY,Walthamstow
929,750000,E10,3.0,http://www.rightmove.co.uk/properties/129903971#/?channel=RES_BUY,Walthamstow
930,425000,SE9,3.0,http://www.rightmove.co.uk/properties/127719218#/?channel=RES_BUY,Eltham
931,600000,SE4,3.0,http://www.rightmove.co.uk/properties/130329287#/?channel=RES_BUY,Lewisham
932,775000,SE4,4.0,http://www.rightmove.co.uk/properties/130329107#/?channel=RES_BUY,Lewisham
933,670000,E1,4.0,http://www.rightmove.co.uk/properties/121563620#/?channel=RES_BUY,Poplar
934,799950,SE13,2.0,http://www.rightmove.co.uk/properties/129862610#/?channel=RES_BUY,Lewisham
935,725000,SE13,3.0,http://www.rightmove.co.uk/properties/129818903#/?channel=RES_BUY,Lewisham
936,600000,E17,3.0,http://www.rightmove.co.uk/properties/124919615#/?channel=RES_BUY,Walthamstow
941,500000,N9,3.0,http://www.rightmove.co.uk/properties/130325558#/?channel=RES_BUY,Enfield
944,795000,E8,4.0,http://www.rightmove.co.uk/properties/130324697#/?channel=RES_BUY,Hackney
945,950000,NW10,3.0,http://www.rightmove.co.uk/properties/130324571#/?channel=RES_BUY,Brent
946,775000,N22,3.0,http://www.rightmove.co.uk/properties/130324505#/?channel=RES_BUY,Tottenham
947,1000000,E5,4.0,http://www.rightmove.co.uk/properties/130324103#/?channel=RES_BUY,Hackney
948,350000,SE26,,http://www.rightmove.co.uk/properties/128711960#/?channel=RES_BUY,Lewisham
949,800000,N12,3.0,http://www.rightmove.co.uk/properties/130323272#/?channel=RES_BUY,Barnet
951,850000,N20,4.0,http://www.rightmove.co.uk/properties/128092247#/?channel=RES_BUY,Barnet
952,875000,SW17,4.0,http://www.rightmove.co.uk/properties/125716664#/?channel=RES_BUY,Wandsworth
953,700000,NW9,4.0,http://www.rightmove.co.uk/properties/130322942#/?channel=RES_BUY,Brent
955,600000,SE15,3.0,http://www.rightmove.co.uk/properties/130319918#/?channel=RES_BUY,Camberwell
956,600000,SE4,4.0,http://www.rightmove.co.uk/properties/130319711#/?channel=RES_BUY,Lewisham
959,650000,SE25,3.0,http://www.rightmove.co.uk/properties/130313099#/?channel=RES_BUY,Croydon
962,975000,SE15,5.0,http://www.rightmove.co.uk/properties/129686921#/?channel=RES_BUY,Camberwell
964,1000000,E3,3.0,http://www.rightmove.co.uk/properties/130310357#/?channel=RES_BUY,Poplar
965,800000,E3,3.0,http://www.rightmove.co.uk/properties/125967641#/?channel=RES_BUY,Poplar
966,650000,SW17,3.0,http://www.rightmove.co.uk/properties/130308887#/?channel=RES_BUY,Wandsworth
967,625000,SE9,3.0,http://www.rightmove.co.uk/properties/130308809#/?channel=RES_BUY,Eltham
969,425000,N9,3.0,http://www.rightmove.co.uk/properties/128925470#/?channel=RES_BUY,Enfield
971,575000,SE6,7.0,http://www.rightmove.co.uk/properties/130304843#/?channel=RES_BUY,Lewisham
972,195000,SE16,2.0,http://www.rightmove.co.uk/properties/130302194#/?channel=RES_BUY,Camberwell
974,475000,E13,3.0,http://www.rightmove.co.uk/properties/130300250#/?channel=RES_BUY,East Ham
976,450000,SE18,2.0,http://www.rightmove.co.uk/properties/130300487#/?channel=RES_BUY,Eltham
977,415000,SE13,1.0,http://www.rightmove.co.uk/properties/130300565#/?channel=RES_BUY,Lewisham
979,425000,SW20,1.0,http://www.rightmove.co.uk/properties/127215200#/?channel=RES_BUY,Merton
980,500000,E4,3.0,http://www.rightmove.co.uk/properties/129647855#/?channel=RES_BUY,Walthamstow
981,585000,E6,3.0,http://www.rightmove.co.uk/properties/122045792#/?channel=RES_BUY,East Ham
983,1000000,N7,3.0,http://www.rightmove.co.uk/properties/130297196#/?channel=RES_BUY,Islington
986,695000,E10,3.0,http://www.rightmove.co.uk/properties/130271627#/?channel=RES_BUY,Walthamstow
987,525000,SE10,3.0,http://www.rightmove.co.uk/properties/126621839#/?channel=RES_BUY,Greenwich
990,625000,NW9,3.0,http://www.rightmove.co.uk/properties/85413504#/?channel=RES_BUY,Brent
991,400000,SE6,3.0,http://www.rightmove.co.uk/properties/130282427#/?channel=RES_BUY,Lewisham
994,465000,W10,,http://www.rightmove.co.uk/properties/130281590#/?channel=RES_BUY,Kensington
995,495000,E17,3.0,http://www.rightmove.co.uk/properties/130281215#/?channel=RES_BUY,Walthamstow
997,734995,SW16,4.0,http://www.rightmove.co.uk/properties/129288542#/?channel=RES_BUY,Lambeth
998,699000,N17,4.0,http://www.rightmove.co.uk/properties/128056469#/?channel=RES_BUY,Tottenham
999,700000,SE10,3.0,http://www.rightmove.co.uk/properties/85681050#/?channel=RES_BUY,Greenwich
1002,600000,E7,5.0,http://www.rightmove.co.uk/properties/130277669#/?channel=RES_BUY,Stratford
1003,850000,SE18,4.0,http://www.rightmove.co.uk/properties/130275845#/?channel=RES_BUY,Eltham
1006,650000,N22,3.0,http://www.rightmove.co.uk/properties/126027566#/?channel=RES_BUY,Tottenham
1007,625000,E11,4.0,http://www.rightmove.co.uk/properties/130274606#/?channel=RES_BUY,Walthamstow
1009,825000,SE18,4.0,http://www.rightmove.co.uk/properties/129676052#/?channel=RES_BUY,Eltham
1010,550000,E11,2.0,http://www.rightmove.co.uk/properties/130271693#/?channel=RES_BUY,Walthamstow
1011,550000,E15,2.0,http://www.rightmove.co.uk/properties/130418786#/?channel=RES_BUY,Stratford
1012,800000,E11,4.0,http://www.rightmove.co.uk/properties/130271657#/?channel=RES_BUY,Walthamstow
1013,900000,SW2,4.0,http://www.rightmove.co.uk/properties/130269596#/?channel=RES_BUY,Lambeth
1014,540000,E17,2.0,http://www.rightmove.co.uk/properties/130269554#/?channel=RES_BUY,Walthamstow
1015,925000,SW13,2.0,http://www.rightmove.co.uk/properties/130269428#/?channel=RES_BUY,Richmond
1019,875000,E18,5.0,http://www.rightmove.co.uk/properties/129714731#/?channel=RES_BUY,Ilford
1020,650000,SE10,3.0,http://www.rightmove.co.uk/properties/126827822#/?channel=RES_BUY,Greenwich
1021,995000,SW16,4.0,http://www.rightmove.co.uk/properties/128658587#/?channel=RES_BUY,Lambeth
1026,865000,N22,3.0,http://www.rightmove.co.uk/properties/127030493#/?channel=RES_BUY,Tottenham
1028,1000000,SW15,3.0,http://www.rightmove.co.uk/properties/126800825#/?channel=RES_BUY,Wandsworth
1029,800000,SE27,2.0,http://www.rightmove.co.uk/properties/130263821#/?channel=RES_BUY,Lambeth
1030,959950,SW14,3.0,http://www.rightmove.co.uk/properties/130263779#/?channel=RES_BUY,Richmond
1031,800000,N14,3.0,http://www.rightmove.co.uk/properties/125341256#/?channel=RES_BUY,Enfield
1032,480000,W10,1.0,http://www.rightmove.co.uk/properties/130259015#/?channel=RES_BUY,Kensington
1033,625000,NW9,3.0,http://www.rightmove.co.uk/properties/130258850#/?channel=RES_BUY,Brent
1034,625000,NW9,3.0,http://www.rightmove.co.uk/properties/129279479#/?channel=RES_BUY,Brent
1036,950000,N11,5.0,http://www.rightmove.co.uk/properties/130258331#/?channel=RES_BUY,Enfield
1037,675000,SW15,2.0,http://www.rightmove.co.uk/properties/130258334#/?channel=RES_BUY,Wandsworth
1038,525000,SE19,3.0,http://www.rightmove.co.uk/properties/129838058#/?channel=RES_BUY,Croydon
1040,1000000,W13,4.0,http://www.rightmove.co.uk/properties/130257659#/?channel=RES_BUY,Ealing
1042,800000,SE10,3.0,http://www.rightmove.co.uk/properties/130257263#/?channel=RES_BUY,Greenwich
1043,775000,NW9,4.0,http://www.rightmove.co.uk/properties/130257227#/?channel=RES_BUY,Brent
1044,375000,E9,1.0,http://www.rightmove.co.uk/properties/130256876#/?channel=RES_BUY,Hackney
1045,750000,SE9,3.0,http://www.rightmove.co.uk/properties/130256315#/?channel=RES_BUY,Eltham
1046,425000,SE25,2.0,http://www.rightmove.co.uk/properties/129465902#/?channel=RES_BUY,Croydon
1047,725000,N2,2.0,http://www.rightmove.co.uk/properties/130256276#/?channel=RES_BUY,Barnet
1048,650000,SE9,2.0,http://www.rightmove.co.uk/properties/130256270#/?channel=RES_BUY,Eltham
1049,450000,SE9,2.0,http://www.rightmove.co.uk/properties/130256189#/?channel=RES_BUY,Eltham
